"dataset","order","algorithm","run","execution_order","count","time_ms","verified"
"1","ascending","QuickSort","1","1","1000000","7.009300","PASS"
"1","ascending","HeapSort","1","2","1000000","75.058600","PASS"
"1","ascending","MergeSort","1","3","1000000","24.152100","PASS"
"1","ascending","std::sort","1","4","1000000","16.146100","PASS"
"2","descending","HeapSort","1","1","1000000","83.961400","PASS"
"2","descending","MergeSort","1","2","1000000","18.662900","PASS"
"2","descending","std::sort","1","3","1000000","6.638800","PASS"
"2","descending","QuickSort","1","4","1000000","7.236100","PASS"
"3","random","MergeSort","1","1","1000000","118.896400","PASS"
"3","random","std::sort","1","2","1000000","89.919800","PASS"
"3","random","QuickSort","1","3","1000000","105.155600","PASS"
"3","random","HeapSort","1","4","1000000","189.350100","PASS"
"4","random","std::sort","1","1","1000000","123.172300","PASS"
"4","random","QuickSort","1","2","1000000","166.156800","PASS"
"4","random","HeapSort","1","3","1000000","234.446400","PASS"
"4","random","MergeSort","1","4","1000000","164.102700","PASS"
"5","random","QuickSort","1","1","1000000","156.268200","PASS"
"5","random","HeapSort","1","2","1000000","224.991100","PASS"
"5","random","MergeSort","1","3","1000000","176.894500","PASS"
"5","random","std::sort","1","4","1000000","131.137400","PASS"
"6","random","HeapSort","1","1","1000000","285.084300","PASS"
"6","random","MergeSort","1","2","1000000","282.402400","PASS"
"6","random","std::sort","1","3","1000000","210.706600","PASS"
"6","random","QuickSort","1","4","1000000","244.501000","PASS"
"7","random","MergeSort","1","1","1000000","157.537500","PASS"
"7","random","std::sort","1","2","1000000","115.689600","PASS"
"7","random","QuickSort","1","3","1000000","163.099700","PASS"
"7","random","HeapSort","1","4","1000000","291.483000","PASS"
"8","random","std::sort","1","1","1000000","121.267100","PASS"
"8","random","QuickSort","1","2","1000000","179.089700","PASS"
"8","random","HeapSort","1","3","1000000","226.542900","PASS"
"8","random","MergeSort","1","4","1000000","174.301500","PASS"
"9","random","QuickSort","1","1","1000000","151.983700","PASS"
"9","random","HeapSort","1","2","1000000","217.323900","PASS"
"9","random","MergeSort","1","3","1000000","154.000500","PASS"
"9","random","std::sort","1","4","1000000","117.916100","PASS"
"10","random","HeapSort","1","1","1000000","326.817000","PASS"
"10","random","MergeSort","1","2","1000000","204.813400","PASS"
"10","random","std::sort","1","3","1000000","121.910200","PASS"
"10","random","QuickSort","1","4","1000000","147.785000","PASS"
"1","ascending","QuickSort","2","1","1000000","10.875500","PASS"
"1","ascending","HeapSort","2","2","1000000","76.466500","PASS"
"1","ascending","MergeSort","2","3","1000000","23.130900","PASS"
"1","ascending","std::sort","2","4","1000000","15.446500","PASS"
"2","descending","HeapSort","2","1","1000000","68.864600","PASS"
"2","descending","MergeSort","2","2","1000000","21.556300","PASS"
"2","descending","std::sort","2","3","1000000","9.096600","PASS"
"2","descending","QuickSort","2","4","1000000","6.987000","PASS"
"3","random","MergeSort","2","1","1000000","118.066300","PASS"
"3","random","std::sort","2","2","1000000","87.836400","PASS"
"3","random","QuickSort","2","3","1000000","101.515100","PASS"
"3","random","HeapSort","2","4","1000000","127.375900","PASS"
"4","random","std::sort","2","1","1000000","82.720200","PASS"
"4","random","QuickSort","2","2","1000000","111.848000","PASS"
"4","random","HeapSort","2","3","1000000","130.726900","PASS"
"4","random","MergeSort","2","4","1000000","120.280700","PASS"
"5","random","QuickSort","2","1","1000000","100.982600","PASS"
"5","random","HeapSort","2","2","1000000","133.133200","PASS"
"5","random","MergeSort","2","3","1000000","118.682300","PASS"
"5","random","std::sort","2","4","1000000","87.199100","PASS"
"6","random","HeapSort","2","1","1000000","145.153100","PASS"
"6","random","MergeSort","2","2","1000000","126.486500","PASS"
"6","random","std::sort","2","3","1000000","90.621200","PASS"
"6","random","QuickSort","2","4","1000000","102.102600","PASS"
"7","random","MergeSort","2","1","1000000","115.926000","PASS"
"7","random","std::sort","2","2","1000000","92.073500","PASS"
"7","random","QuickSort","2","3","1000000","102.385400","PASS"
"7","random","HeapSort","2","4","1000000","131.379700","PASS"
"8","random","std::sort","2","1","1000000","85.417700","PASS"
"8","random","QuickSort","2","2","1000000","107.071900","PASS"
"8","random","HeapSort","2","3","1000000","121.918000","PASS"
"8","random","MergeSort","2","4","1000000","118.698600","PASS"
"9","random","QuickSort","2","1","1000000","101.611000","PASS"
"9","random","HeapSort","2","2","1000000","153.310300","PASS"
"9","random","MergeSort","2","3","1000000","115.391300","PASS"
"9","random","std::sort","2","4","1000000","85.495300","PASS"
"10","random","HeapSort","2","1","1000000","115.944800","PASS"
"10","random","MergeSort","2","2","1000000","129.373500","PASS"
"10","random","std::sort","2","3","1000000","91.021800","PASS"
"10","random","QuickSort","2","4","1000000","116.477900","PASS"
"1","ascending","QuickSort","3","1","1000000","9.970900","PASS"
"1","ascending","HeapSort","3","2","1000000","81.625400","PASS"
"1","ascending","MergeSort","3","3","1000000","22.504700","PASS"
"1","ascending","std::sort","3","4","1000000","11.289600","PASS"
"2","descending","HeapSort","3","1","1000000","77.741800","PASS"
"2","descending","MergeSort","3","2","1000000","32.953700","PASS"
"2","descending","std::sort","3","3","1000000","8.314700","PASS"
"2","descending","QuickSort","3","4","1000000","7.056600","PASS"
"3","random","MergeSort","3","1","1000000","126.465600","PASS"
"3","random","std::sort","3","2","1000000","91.349500","PASS"
"3","random","QuickSort","3","3","1000000","103.002800","PASS"
"3","random","HeapSort","3","4","1000000","129.509100","PASS"
"4","random","std::sort","3","1","1000000","87.737100","PASS"
"4","random","QuickSort","3","2","1000000","111.646600","PASS"
"4","random","HeapSort","3","3","1000000","132.822000","PASS"
"4","random","MergeSort","3","4","1000000","123.217700","PASS"
"5","random","QuickSort","3","1","1000000","112.873700","PASS"
"5","random","HeapSort","3","2","1000000","134.955600","PASS"
"5","random","MergeSort","3","3","1000000","134.615400","PASS"
"5","random","std::sort","3","4","1000000","106.765300","PASS"
"6","random","HeapSort","3","1","1000000","124.405600","PASS"
"6","random","MergeSort","3","2","1000000","125.851100","PASS"
"6","random","std::sort","3","3","1000000","91.815700","PASS"
"6","random","QuickSort","3","4","1000000","109.515300","PASS"
"7","random","MergeSort","3","1","1000000","123.337700","PASS"
"7","random","std::sort","3","2","1000000","98.521200","PASS"
"7","random","QuickSort","3","3","1000000","148.726700","PASS"
"7","random","HeapSort","3","4","1000000","141.103500","PASS"
"8","random","std::sort","3","1","1000000","99.390300","PASS"
"8","random","QuickSort","3","2","1000000","119.407200","PASS"
"8","random","HeapSort","3","3","1000000","139.385000","PASS"
"8","random","MergeSort","3","4","1000000","145.721700","PASS"
"9","random","QuickSort","3","1","1000000","105.903500","PASS"
"9","random","HeapSort","3","2","1000000","207.044400","PASS"
"9","random","MergeSort","3","3","1000000","156.739400","PASS"
"9","random","std::sort","3","4","1000000","127.186900","PASS"
"10","random","HeapSort","3","1","1000000","133.325400","PASS"
"10","random","MergeSort","3","2","1000000","143.913300","PASS"
"10","random","std::sort","3","3","1000000","90.716900","PASS"
"10","random","QuickSort","3","4","1000000","110.537000","PASS"
